﻿[
  // Roc's Feather
  {
    "name": "Feather",
    "type": "toggle",
    "img": "images/feather.png",
    "codes": "feather"
  },
  // Bow
  {
    "name": "Bow",
    "type": "toggle",
    "img": "images/bow.png",
    "codes": "bow"
  },
  // Boomerang
  {
    "name": "Boomerang",
    "type": "toggle",
    "img": "images/boomerang.png",
    "codes": "boomerang"
  },
  // Hookshot
  {
    "name": "Hookshot",
    "type": "toggle",
    "img": "images/hookshot.png",
    "codes": "hookshot,hs"
  },
  // Mushroom
  {
    "name": "Mushroom",
    "type": "toggle",
     "img": "images/mushroom.png",
     "codes": "mushroom,shroom"
  },
// Powder
  {
    "name": "Powder",
    "type": "toggle",
    "img": "images/powder.png",
    "codes": "powder"
  },
    // Mushroom + Powder
  {
    "name": "Mushroom and Powder",
    "type": "composite_toggle",
    "codes": "mushroomandpowder",
    "item_left": "mushroom",
    "item_right": "powder",
    "images": [
      {
        "left": false,
        "right": false,
        "img": "images/mpowder_disabled.png",
      },
      {
        "left": true,
        "right": false,
        "img": "images/mushP-Disabled.png"
      },
      {
        "left": false,
        "right": true,
        "img": "images/mushroom-Disabled.png"
      },
      {
        "left": true,
        "right": true,
        "img": "images/mpowder.png"
      }
    ]
  },
  // Fire Rod
  {
    "name": "Fire Rod",
    "type": "toggle",
    "img": "images/fire_rod.png",
    "codes": "firerod, rod"
  },
  // Trade Sequence
  {
    "name": "Trade",
    "type": "progressive",
    "stages": [
      {
        "img": "images/yoshi.png",
        "codes": "yoshi"
      },
      {
        "img": "images/ribbon.png",
        "codes": "ribbon"
      },
      {
        "img": "images/food.png",
        "codes": "food"
      },
      {
        "img": "images/bananas.png",
        "codes": "bananas"
      },
      {
        "img": "images/stick.png",
        "codes": "stick"
      },
	  {
        "img": "images/honey.png",
        "codes": "honey"
      },
	  {
        "img": "images/pineapple.png",
        "codes": "pineapple"
      },
	  {
        "img": "images/flower.png",
        "codes": "flower"
      },
	  {
        "img": "images/letter.png",
        "codes": "letter"
      },
	  {
        "img": "images/broom.png",
        "codes": "broom"
      },
	  {
        "img": "images/hook.png",
        "codes": "hook"
      },
	  {
        "img": "images/bra.png",
        "codes": "bra,necklace"
      },
	  {
        "img": "images/scale.png",
        "codes": "scale"
      },
	  {
        "img": "images/lens.png",
        "codes": "lens"
      },
    ]
  },
    // Shells
  {
    "name": "Shells",
    "type": "consumable",
	"img": "images/shell.png",
	"codes": "shells,shell",
	"max_quantity": 22
  },
    // Golden Leaves
  {
    "name": "Golden Leaves",
    "type": "consumable",
    "img": "images/leaf.png",
    "codes": "leaf",
	"max_quantity": 5
  },
  // Shovel
  {
    "name": "Shovel",
    "type": "toggle",
    "img": "images/shovel.png",
    "codes": "shovel"
  },
  // Bomb
  {
    "name": "Bomb",
    "type": "toggle",
    "img": "images/bomb.png",
    "codes": "bomb"
  },
  // Ocarina
  {
    "name": "Ocarina",
    "type": "toggle",
    "img": "images/ocarina.png",
    "codes": "flute,ocarina"
  },
  // Go-Mode
  {
    "name": "Go Mode!",
    "capturable": false,
    "type": "toggle",
    "img": "images/0062.png",
    "codes": "gomode"
  },
  // Power Bracelets
  {
    "name": "Bracelet",
    "type": "progressive",
    "stages": [
      {
        "img": "images/bracelet_1.png",
        "codes": "bracelet,lift1"
      },
      {
        "img": "images/bracelet_2.png",
        "codes": "bracelet2,lift2"
      }
    ]
  },
  // Boots
  {
    "name": "Boots",
    "type": "toggle",
    "img": "images/boots.png",
    "codes": "boots"
  },
    // Ghost
  {
    "name": "Ghost",
    "type": "toggle",
    "img": "images/ghost.png",
    "codes": "ghost"
  },
    // Chain Chomp
  {
    "name": "Chomp",
    "type": "toggle",
    "img": "images/chomp.png",
    "codes": "chomp,bowwow"
  },
    // Walrus
  {
    "name": "Walrus",
    "type": "toggle",
    "img": "images/walrus.png",
    "codes": "walrus"
  },
    // Rooster
  {
    "name": "Rooster",
    "type": "toggle",
    "img": "images/rooster.png",
    "codes": "rooster"
  },
  // Flippers
  {
    "name": "Flippers",
    "type": "toggle",
    "img": "images/flippers.png",
    "codes": "flippers"
  },
  // Progressive Swords
  {
    "name": "Sword",
    "type": "progressive",
    "stages": [
      {
        "img": "images/sword_1.png",
        "codes": "sword"
      },
      {
        "img": "images/sword_2.png",
        "codes": "sword2"
      }
    ]
  },
  // Progressive Shields
  {
    "name": "Shield",
    "type": "progressive",
    "allow_disabled": false,
    "stages": [
      {
        "img": "images/shield_1.png",
        "codes": "shield"
      },
      {
        "img": "images/shield_2.png",
        "codes": "shield2,mirrorshield"
      },
    ]
  },
  // Progressive Mail
  {
    "name": "Mail",
    "type": "progressive",
    "allow_disabled": false,
    "stages": [
      {
        "img": "images/green_mail.png",
        "codes": "armor, armor1,"
      },
      {
        "img": "images/redblue_mail.png",
        "codes": "armor2,redmail,bluemail"
      },
    ]
  },
    // Frog Song
  {
    "name": "Frog",
    "type": "toggle",
    "img": "images/frog.png",
    "codes": "frog"
  },
    // Ballad of the Wind Fish
  {
    "name": "Marin",
    "type": "toggle",
    "img": "images/marin.png",
    "codes": "marin"
  },
    // Manbo's Mamba
  {
    "name": "Manbo",
    "type": "toggle",
    "img": "images/manbo.png",
    "codes": "fish,manbo"
  },
    // Tail Key
  {
    "name": "Tail Key",
    "type": "toggle",
    "img": "images/tail_key.png",
    "codes": "tail,tailkey"
  },
    // Slime Key
  {
    "name": "Slime Key",
    "type": "toggle",
    "img": "images/slime_key.png",
    "codes": "slime,slimekey"
  },
    // Angler Key
  {
    "name": "Angler Key",
    "type": "toggle",
    "img": "images/angler_key.png",
    "codes": "angler,anglerkey"
  },
    // Face Key
  {
    "name": "Face Key",
    "type": "toggle",
    "img": "images/face_key.png",
    "codes": "face,facekey"
  },
    // Eagle Key
  {
    "name": "Eagle Key",
    "type": "toggle",
    "img": "images/eagle_key.png",
    "codes": "eagle"
  },
    // Evil Orb
  {
    "name": "Orb",
    "type": "toggle",
    "img": "images/orb.png",
    "codes": "orb"
  },
    // Tail Cave label
  {
    "name": "TC Label",
    "type": "static",
    "img": "images/tc.png",
    "codes": "tc_label"
  },
    // Bottle Grotto label
  {
    "name": "BG Label",
    "type": "static",
    "img": "images/bg.png",
    "codes": "bg_label"
  },
    // Key Cavern label
  {
    "name": "KC Label",
    "type": "static",
    "img": "images/kc.png",
    "codes": "kc_label"
  },
    // Angler's Tunnel label
  {
    "name": "AT Label",
    "type": "static",
    "img": "images/at.png",
    "codes": "at_label"
  },
    // Catfish's Maw label
  {
    "name": "CM Label",
    "type": "static",
    "img": "images/cm.png",
    "codes": "cm_label"
  },
    // Face Shrine label
  {
    "name": "FS Label",
    "type": "static",
    "img": "images/fs.png",
    "codes": "fs_label"
  },
    // Eagle Tower label
  {
    "name": "ET Label",
    "type": "static",
    "img": "images/et.png",
    "codes": "et_label"
  },
    // Turtle Rock label
  {
    "name": "TR Label",
    "type": "static",
    "img": "images/tr.png",
    "codes": "tr_label"
  },
    // Cello
  {
    "name": "Cello",
    "type": "toggle",
    "img": "images/cello.png",
    "codes": "cello,tc"
  },
    //Cello Chests
  {
    "name": "Cello Chests",
    "type": "consumable",
	"img": "images/chest.png",
	"codes": "cello_treasures,tcchest",
	"swap_actions": true,
	"initial_quantity": 3,
	"max_quantity": 3
  },
    // Conch
  {
    "name": "Conch",
    "type": "toggle",
    "img": "images/conch.png",
    "codes": "conch,bg"
  },
    //Conch Chests
  {
    "name": "Conch Chests",
    "type": "consumable",
	"img": "images/chest.png",
	"codes": "conch_treasures,bgchest",
	"swap_actions": true,
	"initial_quantity": 3,
	"max_quantity": 3
  },
    // Bell
  {
    "name": "Bell",
    "type": "toggle",
    "img": "images/bell.png",
    "codes": "bell,kc"
  },
    //Bell Treasures
  {
    "name": "Bell Chests",
    "type": "consumable",
	"img": "images/chest.png",
	"codes": "bell_treasures,kcchest",
	"swap_actions": true,
	"initial_quantity": 4,
	"max_quantity": 4
  },
    // Harp
  {
    "name": "Harp",
    "type": "toggle",
    "img": "images/harp.png",
    "codes": "harp,at"
  },
    //Harp Treasures
  {
    "name": "Harp Chests",
    "type": "consumable",
	"img": "images/chest.png",
	"codes": "harp_treasures,atchest",
	"swap_actions": true,
	"initial_quantity": 4,
	"max_quantity": 4
  },
    // Marimba
  {
    "name": "Marimba",
    "type": "toggle",
    "img": "images/marimba.png",
    "codes": "marimba,cm"
  },
    //Marimba Treasures
  {
    "name": "Marimba Chests",
    "type": "consumable",
	"img": "images/chest.png",
	"codes": "marimba_treasures,cmchest",
	"swap_actions": true,
	"initial_quantity": 4,
	"max_quantity": 4
  },
    // Triangle
  {
    "name": "triangle",
    "type": "toggle",
    "img": "images/triangle.png",
    "codes": "triangle,fs"
  },
    //Triangle Treasures
  {
    "name": "Triangle Chests",
    "type": "consumable",
	"img": "images/chest.png",
	"codes": "triangle_treasures,fschest",
	"swap_actions": true,
	"initial_quantity": 6,
	"max_quantity": 6
  },
    // Organ
  {
    "name": "Organ",
    "type": "toggle",
    "img": "images/organ.png",
    "codes": "organ,et"
  },
    //Organ Treasures
  {
    "name": "Organ Chests",
    "type": "consumable",
	"img": "images/chest.png",
	"codes": "organ_treasures,etchest",
	"swap_actions": true,
	"initial_quantity": 4,
	"max_quantity": 4
  },
    // Drum
  {
    "name": "Drum",
    "type": "toggle",
    "img": "images/drum.png",
    "codes": "drum,tr"
  },
    //Drum Treasures
  {
    "name": "Drum Chests",
    "type": "consumable",
	"img": "images/chest.png",
	"codes": "drum_treasures,trchest",
	"swap_actions": true,
	"initial_quantity": 6,
	"max_quantity": 6
  },
]